SOCP,SOCP_desc,SOCP_map,SOCP_desc_map,,SCHL,SCHL_desc,SCHL_map,SCHL_desc_map,,FOD1P,FOD1P_desc,FOD1P_map,FOD1P_desc_map,,FOD2P,FOD2P_desc,FOD2P_map,FOD2P_desc_map
-1,N/A (less than 16 years old/NILF who last worked more than 5 years ago or never worked),-1,,,0,N/A (less than 3 years old),0,,,1099,N/A (less than bachelor's degree),10,N/A (less than,,1099,N/A (less than bachelor's degree),10,NA
111021,MGR-General And Operations Managers,1,MGR,,1,No schooling completed,1,,,1100,General Agriculture,11,General Agricu,,1100,General Agriculture,11,
1110XX,MGR-Chief Executives And Legislators,1,MGR,,2,"Nursery school, preschool",1,,,1101,Agriculture Production And Management,11,Agriculture Pr,,1101,Agriculture Production And Management,11,
112011,MGR-Advertising And Promotions Managers,1,MGR,,3,Kindergarten,1,,,1102,Agricultural Economics,11,Agricultural E,,1102,Agricultural Economics,11,
112021,MGR-Marketing Managers,1,MGR,,4,Grade 1,1,,,1103,Animal Sciences,11,Animal Science,,1103,Animal Sciences,11,
112022,MGR-Sales Managers,1,MGR,,5,Grade 2,1,,,1104,Food Science,11,Food Science,,1104,Food Science,11,
112030,MGR-Public Relations And Fundraising Managers,1,MGR,,6,Grade 3,1,,,1105,Plant Science And Agronomy,11,Plant Science ,,1105,Plant Science And Agronomy,11,
113012,MGR-Administrative Services Managers,1,MGR,,7,Grade 4,1,,,1106,Soil Science,11,Soil Science,,1106,Soil Science,11,
113013,MGR-Facilities Managers,1,MGR,,8,Grade 5,1,,,1199,Miscellaneous Agriculture,11,Miscellaneous ,,1199,Miscellaneous Agriculture,11,
113021,MGR-Computer And Information Systems Managers,1,MGR,,9,Grade 6,1,,,1301,Environmental Science,13,Environmental ,,1301,Environmental Science,13,
113031,MGR-Financial Managers,1,MGR,,10,Grade 7,1,,,1302,Forestry,13,Forestry,,1302,Forestry,13,
113051,MGR-Industrial Production Managers,1,MGR,,11,Grade 8,1,,,1303,Natural Resources Management,13,Natural Resour,,1303,Natural Resources Management,13,
113061,MGR-Purchasing Managers,1,MGR,,12,Grade 9,1,,,1401,Architecture,14,Architecture,,1401,Architecture,14,
113071,"MGR-Transportation, Storage, And Distribution Managers",1,MGR,,13,Grade 10,1,,,1501,Area Ethnic And Civilization Studies,15,Area Ethnic An,,1501,Area Ethnic And Civilization Studies,15,
113111,MGR-Compensation And Benefits Managers,1,MGR,,14,Grade 11,1,,,1901,Communications,19,Communications,,1901,Communications,19,
113121,MGR-Human Resources Managers,1,MGR,,15,12th grade - no diploma,1,,,1902,Journalism,19,Journalism,,1902,Journalism,19,
113131,MGR-Training And Development Managers,1,MGR,,16,Regular high school diploma,2,,,1903,Mass Media,19,Mass Media,,1903,Mass Media,19,
119013,"MGR-Farmers, Ranchers, And Other Agricultural Managers",1,MGR,,17,GED or alternative credential,3,,,1904,Advertising And Public Relations,19,Advertising An,,1904,Advertising And Public Relations,19,
119021,MGR-Construction Managers,1,MGR,,18,"Some college, but less than 1 year",3,,,2001,Communication Technologies,20,Communication ,,2001,Communication Technologies,20,
119030,MGR-Education And Childcare Administrators,1,MGR,,19,"1 or more years of college credit, no degree",3,,,2100,Computer And Information Systems,21,Computer And I,,2100,Computer And Information Systems,21,
119041,MGR-Architectural And Engineering Managers,1,MGR,,20,Associate's degree,3,,,2101,Computer Programming And Data Processing,21,Computer Progr,,2101,Computer Programming And Data Processing,21,
119051,MGR-Food Service Managers,1,MGR,,21,Bachelor's degree,4,,,2102,Computer Science,21,Computer Scien,,2102,Computer Science,21,
119070,MGR-Entertainment And Recreation Managers,1,MGR,,22,Master's degree,5,,,2105,Information Sciences,21,Information Sc,,2105,Information Sciences,21,
119081,MGR-Lodging Managers,1,MGR,,23,Professional degree beyond a bachelor's degree,5,,,2106,Computer Administration Management And Security,21,Computer Admin,,2106,Computer Administration Management And Security,21,
119111,MGR-Medical And Health Services Managers,1,MGR,,24,Doctorate degree,6,,,2107,Computer Networking And Telecommunications,21,Computer Netwo,,2107,Computer Networking And Telecommunications,21,
119121,MGR-Natural Sciences Managers,1,MGR,,,,,,,2201,Cosmetology Services And Culinary Arts,22,Cosmetology Se,,2201,Cosmetology Services And Culinary Arts,22,
119141,"MGR-Property, Real Estate, And Community Association Managers",1,MGR,,,,,,,2300,General Education,23,General Educat,,2300,General Education,23,
119151,MGR-Social And Community Service Managers,1,MGR,,,,,,,2301,Educational Administration And Supervision,23,Educational Ad,,2301,Educational Administration And Supervision,23,
119161,MGR-Emergency Management Directors,1,MGR,,,,,,,2303,School Student Counseling,23,School Student,,2303,School Student Counseling,23,
1191XX,MGR-Other Managers,1,MGR,,,,,,,2304,Elementary Education,23,Elementary Edu,,2304,Elementary Education,23,
131011,"BUS-Agents And Business Managers Of Artists, Performers, And Athletes",2,BUS,,,,,,,2305,Mathematics Teacher Education,23,Mathematics Te,,2305,Mathematics Teacher Education,23,
131021,"BUS-Buyers And Purchasing Agents, Farm Products",2,BUS,,,,,,,2306,Physical And Health Education Teaching,23,Physical And H,,2306,Physical And Health Education Teaching,23,
131022,"BUS-Wholesale And Retail Buyers, Except Farm Products",2,BUS,,,,,,,2307,Early Childhood Education,23,Early Childhoo,,2307,Early Childhood Education,23,
131023,"BUS-Purchasing Agents, Except Wholesale, Retail, And Farm Products",2,BUS,,,,,,,2308,Science And Computer Teacher Education,23,Science And Co,,2308,Science And Computer Teacher Education,23,
131030,"BUS-Claims Adjusters, Appraisers, Examiners, And Investigators",2,BUS,,,,,,,2309,Secondary Teacher Education,23,Secondary Teac,,2309,Secondary Teacher Education,23,
131041,BUS-Compliance Officers,2,BUS,,,,,,,2310,Special Needs Education,23,Special Needs ,,2310,Special Needs Education,23,
131051,BUS-Cost Estimators,2,BUS,,,,,,,2311,Social Science Or History Teacher Education,23,Social Science,,2311,Social Science Or History Teacher Education,23,
131070,BUS-Human Resources Workers,2,BUS,,,,,,,2312,Teacher Education: Multiple Levels,23,Teacher Educat,,2312,Teacher Education: Multiple Levels,23,
131081,BUS-Logisticians,2,BUS,,,,,,,2313,Language And Drama Education,23,Language And D,,2313,Language And Drama Education,23,
131082,BUS-Project Management Specialists,2,BUS,,,,,,,2314,Art And Music Education,23,Art And Music ,,2314,Art And Music Education,23,
131111,BUS-Management Analysts,2,BUS,,,,,,,2399,Miscellaneous Education,23,Education,,2399,Miscellaneous Education,23,
131121,"BUS-Meeting, Convention, And Event Planners",2,BUS,,,,,,,2400,General Engineering,24,Engineering,,2400,General Engineering,24,
131131,BUS-Fundraisers,2,BUS,,,,,,,2401,Aerospace Engineering,24,Engineering,,2401,Aerospace Engineering,24,
131141,"BUS-Compensation, Benefits, And Job Analysis Specialists",2,BUS,,,,,,,2402,Biological Engineering,24,Engineering,,2402,Biological Engineering,24,
131151,BUS-Training And Development Specialists,2,BUS,,,,,,,2403,Architectural Engineering,24,Engineering,,2403,Architectural Engineering,24,
131161,BUS-Market Research Analysts And Marketing Specialists,2,BUS,,,,,,,2404,Biomedical Engineering,24,Engineering,,2404,Biomedical Engineering,24,
131199,"BUS-Business Operations Specialists, All Other",2,BUS,,,,,,,2405,Chemical Engineering,24,Engineering,,2405,Chemical Engineering,24,
132011,FIN-Accountants And Auditors,3,FIN,,,,,,,2406,Civil Engineering,24,Engineering,,2406,Civil Engineering,24,
132020,FIN-Property Appraisers And Assessors,3,FIN,,,,,,,2407,Computer Engineering,24,Engineering,,2407,Computer Engineering,24,
132031,FIN-Budget Analysts,3,FIN,,,,,,,2408,Electrical Engineering,24,Engineering,,2408,Electrical Engineering,24,
132041,FIN-Credit Analysts,3,FIN,,,,,,,2409,Engineering Mechanics Physics And Science,24,Engineering,,2409,Engineering Mechanics Physics And Science,24,
132051,FIN-Financial And Investment Analysts,3,FIN,,,,,,,2410,Environmental Engineering,24,Engineering,,2410,Environmental Engineering,24,
132052,FIN-Personal Financial Advisors,3,FIN,,,,,,,2411,Geological And Geophysical Engineering,24,Engineering,,2411,Geological And Geophysical Engineering,24,
132053,FIN-Insurance Underwriters,3,FIN,,,,,,,2412,Industrial And Manufacturing Engineering,24,Engineering,,2412,Industrial And Manufacturing Engineering,24,
132061,FIN-Financial Examiners,3,FIN,,,,,,,2413,Materials Engineering And Materials Science,24,Engineering,,2413,Materials Engineering And Materials Science,24,
132070,FIN-Credit Counselors And Loan Officers,3,FIN,,,,,,,2414,Mechanical Engineering,24,Engineering,,2414,Mechanical Engineering,24,
132081,"FIN-Tax Examiners And Collectors, And Revenue Agents",3,FIN,,,,,,,2415,Metallurgical Engineering,24,Engineering,,2415,Metallurgical Engineering,24,
132082,FIN-Tax Preparers,3,FIN,,,,,,,2416,Mining And Mineral Engineering,24,Engineering,,2416,Mining And Mineral Engineering,24,
1320XX,FIN-Other Financial Specialists,3,FIN,,,,,,,2417,Naval Architecture And Marine Engineering,24,Engineering,,2417,Naval Architecture And Marine Engineering,24,
151211,CMM-Computer Systems Analysts,4,CMM,,,,,,,2418,Nuclear Engineering,24,Engineering,,2418,Nuclear Engineering,24,
151212,CMM-Information Security Analysts,4,CMM,,,,,,,2419,Petroleum Engineering,24,Engineering,,2419,Petroleum Engineering,24,
151221,CMM-Computer And Information Research Scientists,4,CMM,,,,,,,2499,Miscellaneous Engineering,24,Engineering,,2499,Miscellaneous Engineering,24,
151230,CMM-Computer Support Specialists,4,CMM,,,,,,,2500,Engineering Technologies,25,Engineering Te,,2500,Engineering Technologies,25,
151241,CMM-Computer Network Architects,4,CMM,,,,,,,2501,Engineering And Industrial Management,25,Engineering An,,2501,Engineering And Industrial Management,25,
151244,CMM-Network And Computer Systems Administrators,4,CMM,,,,,,,2502,Electrical Engineering Technology,25,Electrical Eng,,2502,Electrical Engineering Technology,25,
15124X,CMM-Database Administrators And Architects,4,CMM,,,,,,,2503,Industrial Production Technologies,25,Industrial Pro,,2503,Industrial Production Technologies,25,
151251,CMM-Computer Programmers,4,CMM,,,,,,,2504,Mechanical Engineering Related Technologies,25,Mechanical Eng,,2504,Mechanical Engineering Related Technologies,25,
151252,CMM-Software Developers,4,CMM,,,,,,,2599,Miscellaneous Engineering Technologies,25,Miscellaneous ,,2599,Miscellaneous Engineering Technologies,25,
151253,CMM-Software Quality Assurance Analysts And Testers,4,CMM,,,,,,,2601,Linguistics And Comparative Language And Literature,26,Linguistics An,,2601,Linguistics And Comparative Language And Literature,26,
151254,CMM-Web Developers,4,CMM,,,,,,,2602,French German Latin And Other Common Foreign Language Studies,26,French German ,,2602,French German Latin And Other Common Foreign Language Studies,26,
151255,CMM-Web And Digital Interface Designers,4,CMM,,,,,,,2603,Other Foreign Languages,26,Other Foreign ,,2603,Other Foreign Languages,26,
151299,"CMM-Computer Occupations, All Other",4,CMM,,,,,,,2901,Family And Consumer Sciences,29,Family And Con,,2901,Family And Consumer Sciences,29,
152011,CMM-Actuaries,4,CMM,,,,,,,3201,Court Reporting,32,Court Reportin,,3201,Court Reporting,32,
152031,CMM-Operations Research Analysts,4,CMM,,,,,,,3202,Pre-Law And Legal Studies,32,Pre-Law And Le,,3202,Pre-Law And Legal Studies,32,
1520XX,CMM-Other Mathematical Science Occupations,4,CMM,,,,,,,3301,English Language And Literature,33,English Langua,,3301,English Language And Literature,33,
171011,"ENG-Architects, Except Landscape And Naval",5,ENG,,,,,,,3302,Composition And Rhetoric,33,Composition An,,3302,Composition And Rhetoric,33,
171012,ENG-Landscape Architects,5,ENG,,,,,,,3401,Liberal Arts,34,Liberal Arts,,3401,Liberal Arts,34,
171020,"ENG-Surveyors, Cartographers, And Photogrammetrists",5,ENG,,,,,,,3402,Humanities,34,Humanities,,3402,Humanities,34,
172011,ENG-Aerospace Engineers,5,ENG,,,,,,,3501,Library Science,35,Library Scienc,,3501,Library Science,35,
172041,ENG-Chemical Engineers,5,ENG,,,,,,,3600,Biology,36,Biology,,3600,Biology,36,
172051,ENG-Civil Engineers,5,ENG,,,,,,,3601,Biochemical Sciences,36,Biology,,3601,Biochemical Sciences,36,
172061,ENG-Computer Hardware Engineers,5,ENG,,,,,,,3602,Botany,36,Biology,,3602,Botany,36,
172070,ENG-Electrical And Electronics Engineers,5,ENG,,,,,,,3603,Molecular Biology,36,Biology,,3603,Molecular Biology,36,
172081,ENG-Environmental Engineers,5,ENG,,,,,,,3604,Ecology,36,Biology,,3604,Ecology,36,
1720XX,ENG-Biomedical And Agricultural Engineers,5,ENG,,,,,,,3605,Genetics,36,Biology,,3605,Genetics,36,
172110,"ENG-Industrial Engineers, Including Health And Safety",5,ENG,,,,,,,3606,Microbiology,36,Biology,,3606,Microbiology,36,
172121,ENG-Marine Engineers And Naval Architects,5,ENG,,,,,,,3607,Pharmacology,36,Biology,,3607,Pharmacology,36,
172131,ENG-Materials Engineers,5,ENG,,,,,,,3608,Physiology,36,Biology,,3608,Physiology,36,
172141,ENG-Mechanical Engineers,5,ENG,,,,,,,3609,Zoology,36,Biology,,3609,Zoology,36,
1721XX,"ENG-Petroleum, Mining And Geological Engineers, Including Mining Safety Engineers",5,ENG,,,,,,,3611,Neuroscience,36,Biology,,3611,Neuroscience,36,
1721YY,ENG-Other Engineers,5,ENG,,,,,,,3699,Miscellaneous Biology,36,Biology,,3699,Miscellaneous Biology,36,
173011,ENG-Architectural And Civil Drafters,5,ENG,,,,,,,3700,Mathematics,37,Mathematics,,3700,Mathematics,37,
17301X,ENG-Other Drafters,5,ENG,,,,,,,3701,Applied Mathematics,37,Applied Mathem,,3701,Applied Mathematics,37,
173023,ENG-Electrical and Electronic Engineering Technologists And Technicians,5,ENG,,,,,,,3702,Statistics And Decision Science,37,Statistics And,,3702,Statistics And Decision Science,37,
17302X,"ENG-Other Engineering Technologists And Technicians, Except Drafters",5,ENG,,,,,,,3801,Military Technologies,38,Military Techn,,3801,Military Technologies,38,
173031,ENG-Surveying And Mapping Technicians,5,ENG,,,,,,,4000,Multi/Interdisciplinary Studies,40,Multi/Interdis,,4000,Multi/Interdisciplinary Studies,40,
191010,SCI-Agricultural And Food Scientists,6,SCI,,,,,,,4001,Intercultural And International Studies,40,Intercultural ,,4001,Intercultural And International Studies,40,
191020,SCI-Biological Scientists,6,SCI,,,,,,,4002,Nutrition Sciences,40,Nutrition Scie,,4002,Nutrition Sciences,40,
191030,SCI-Conservation Scientists And Foresters,6,SCI,,,,,,,4005,Mathematics And Computer Science,40,Mathematics An,,4005,Mathematics And Computer Science,40,
1910XX,SCI-Other Life Scientists,6,SCI,,,,,,,4006,Cognitive Science And Biopsychology,40,Cognitive Scie,,4006,Cognitive Science And Biopsychology,40,
192010,SCI-Astronomers And Physicists,6,SCI,,,,,,,4007,Interdisciplinary Social Sciences,40,Interdisciplin,,4007,Interdisciplinary Social Sciences,40,
192021,SCI-Atmospheric And Space Scientists,6,SCI,,,,,,,4101,Physical Fitness Parks Recreation And Leisure,41,Physical Fitne,,4101,Physical Fitness Parks Recreation And Leisure,41,
192030,SCI-Chemists And Materials Scientists,6,SCI,,,,,,,4801,Philosophy And Religious Studies,48,Philosophy And,,4801,Philosophy And Religious Studies,48,
192041,"SCI-Environmental Scientists And Specialists, Including Health",6,SCI,,,,,,,4901,Theology And Religious Vocations,49,Theology And R,,4901,Theology And Religious Vocations,49,
19204X,"SCI-Geoscientists And Hydrologists, Except Geographers",6,SCI,,,,,,,5000,Physical Sciences,50,Physical Scien,,5000,Physical Sciences,50,
192099,"SCI-Physical Scientists, All Other",6,SCI,,,,,,,5001,Astronomy And Astrophysics,50,Astronomy And ,,5001,Astronomy And Astrophysics,50,
193011,SCI-Economists,6,SCI,,,,,,,5002,Atmospheric Sciences And Meteorology,50,Atmospheric Sc,,5002,Atmospheric Sciences And Meteorology,50,
193033,SCI-Clinical And Counseling Psychologists,6,SCI,,,,,,,5003,Chemistry,50,Chemistry,,5003,Chemistry,50,
193034,SCI-School Psychologists,6,SCI,,,,,,,5004,Geology And Earth Science,50,Geology And Ea,,5004,Geology And Earth Science,50,
19303X,SCI-Other Psychologists,6,SCI,,,,,,,5005,Geosciences,50,Geosciences,,5005,Geosciences,50,
193051,SCI-Urban And Regional Planners,6,SCI,,,,,,,5006,Oceanography,50,Oceanography,,5006,Oceanography,50,
1930XX,SCI-Other Social Scientists,6,SCI,,,,,,,5007,Physics,50,Physics,,5007,Physics,50,
194010,SCI-Agricultural And Food Science Technicians,6,SCI,,,,,,,5008,Materials Science,50,Materials Scie,,5008,Materials Science,50,
194021,SCI-Biological Technicians,6,SCI,,,,,,,5098,Multi-Disciplinary Or General Science,50,Multi-Discipli,,5098,Multi-Disciplinary Or General Science,50,
194031,SCI-Chemical Technicians,6,SCI,,,,,,,5102,"Nuclear, Industrial Radiology, And Biological Technologies",51,"Nuclear, Indus",,5102,"Nuclear, Industrial Radiology, And Biological Technologies",51,
1940XX,"SCI-Environmental Science And Geoscience Technicians, And Nuclear Technicians",6,SCI,,,,,,,5200,Psychology,52,Psychology,,5200,Psychology,52,
1940YY,"SCI-Other Life, Physical, And Social Science Technicians",6,SCI,,,,,,,5201,Educational Psychology,52,Educational Ps,,5201,Educational Psychology,52,
195010,SCI-Occupational Health And Safety Specialists And Technicians,6,SCI,,,,,,,5202,Clinical Psychology,52,Clinical Psych,,5202,Clinical Psychology,52,
211011,CMS-Substance Abuse And Behavioral Disorder Counselors,7,CMS,,,,,,,5203,Counseling Psychology,52,Counseling Psy,,5203,Counseling Psychology,52,
211012,"CMS-Educational, Guidance, And Career Counselors And Advisors",7,CMS,,,,,,,5205,Industrial And Organizational Psychology,52,Industrial And,,5205,Industrial And Organizational Psychology,52,
211013,CMS-Marriage And Family Therapists,7,CMS,,,,,,,5206,Social Psychology,52,Social Psychol,,5206,Social Psychology,52,
211014,CMS-Mental Health Counselors,7,CMS,,,,,,,5299,Miscellaneous Psychology,52,Miscellaneous ,,5299,Miscellaneous Psychology,52,
211015,CMS-Rehabilitation Counselors,7,CMS,,,,,,,5301,Criminal Justice And Fire Protection,53,Criminal Justi,,5301,Criminal Justice And Fire Protection,53,
211019,"CMS-Counselors, All Other",7,CMS,,,,,,,5401,Public Administration,54,Public Adminis,,5401,Public Administration,54,
211021,"CMS-Child, Family, And School Social Workers",7,CMS,,,,,,,5402,Public Policy,54,Public Policy,,5402,Public Policy,54,
211022,CMS-Healthcare Social Workers,7,CMS,,,,,,,5403,Human Services And Community Organization,54,Human Services,,5403,Human Services And Community Organization,54,
211023,CMS-Mental Health And Substance Abuse Social Workers,7,CMS,,,,,,,5404,Social Work,54,Social Work,,5404,Social Work,54,
211029,"CMS-Social Workers, All Other",7,CMS,,,,,,,5500,General Social Sciences,55,General Social,,5500,General Social Sciences,55,
211092,CMS-Probation Officers And Correctional Treatment Specialists,7,CMS,,,,,,,5501,Economics,55,Economics,,5501,Economics,55,
211093,CMS-Social And Human Service Assistants,7,CMS,,,,,,,5502,Anthropology And Archeology,55,Anthropology A,,5502,Anthropology And Archeology,55,
21109X,CMS-Other Community And Social Service Specialists,7,CMS,,,,,,,5503,Criminology,55,Criminology,,5503,Criminology,55,
212011,CMS-Clergy,7,CMS,,,,,,,5504,Geography,55,Geography,,5504,Geography,55,
212021,"CMS-Directors, Religious Activities And Education",7,CMS,,,,,,,5505,International Relations,55,International ,,5505,International Relations,55,
212099,"CMS-Religious Workers, All Other",7,CMS,,,,,,,5506,Political Science And Government,55,Political Scie,,5506,Political Science And Government,55,
231012,LGL-Judicial Law Clerks,8,LGL,,,,,,,5507,Sociology,55,Sociology,,5507,Sociology,55,
2310XX,"LGL-Lawyers, And Judges, Magistrates, And Other Judicial Workers",8,LGL,,,,,,,5599,Miscellaneous Social Sciences,55,Social Sciences,,5599,Miscellaneous Social Sciences,55,
232011,LGL-Paralegals And Legal Assistants,8,LGL,,,,,,,5601,Construction Services,56,Construction S,,5601,Construction Services,56,
232093,"LGL-Title Examiners, Abstractors, And Searchers",8,LGL,,,,,,,5701,"Electrical, Mechanical, And Precision Technologies And Production",57,"Electrical, Me",,5701,"Electrical, Mechanical, And Precision Technologies And Production",57,
232099,"LGL-Legal Support Workers, All Other",8,LGL,,,,,,,5901,Transportation Sciences And Technologies,59,Transportation,,5901,Transportation Sciences And Technologies,59,
251000,EDU-Postsecondary Teachers,9,EDU,,,,,,,6000,Fine Arts,60,Fine Arts,,6000,Fine Arts,60,
252010,EDU-Preschool And Kindergarten Teachers,9,EDU,,,,,,,6001,Drama And Theater Arts,60,Drama And Thea,,6001,Drama And Theater Arts,60,
252020,EDU-Elementary And Middle School Teachers,9,EDU,,,,,,,6002,Music,60,Music,,6002,Music,60,
252030,EDU-Secondary School Teachers,9,EDU,,,,,,,6003,Visual And Performing Arts,60,Visual And Per,,6003,Visual And Performing Arts,60,
252050,EDU-Special Education Teachers,9,EDU,,,,,,,6004,Commercial Art And Graphic Design,60,Commercial Art,,6004,Commercial Art And Graphic Design,60,
253041,EDU-Tutors,9,EDU,,,,,,,6005,Film Video And Photographic Arts,60,Film Video And,,6005,Film Video And Photographic Arts,60,
2530XX,EDU-Other Teachers And Instructors,9,EDU,,,,,,,6006,Art History And Criticism,60,Art History An,,6006,Art History And Criticism,60,
254010,"EDU-Archivists, Curators, And Museum Technicians",9,EDU,,,,,,,6007,Studio Arts,60,Studio Arts,,6007,Studio Arts,60,
254022,EDU-Librarians And Media Collections Specialists,9,EDU,,,,,,,6099,Miscellaneous Fine Arts,60,Miscellaneous ,,6099,Miscellaneous Fine Arts,60,
254031,EDU-Library Technicians,9,EDU,,,,,,,6100,General Medical And Health Services,61,General Medica,,6100,General Medical And Health Services,61,
259040,EDU-Teaching Assistants,9,EDU,,,,,,,6102,Communication Disorders Sciences And Services,61,Communication ,,6102,Communication Disorders Sciences And Services,61,
2590XX,EDU-Other Educational Instruction and Library Workers,9,EDU,,,,,,,6103,Health And Medical Administrative Services,61,Health And Med,,6103,Health And Medical Administrative Services,61,
271010,ENT-Artists And Related Workers,10,ENT,,,,,,,6104,Medical Assisting Services,61,Medical Assist,,6104,Medical Assisting Services,61,
271021,ENT-Commercial And Industrial Designers,10,ENT,,,,,,,6105,Medical Technologies Technicians,61,Medical Techno,,6105,Medical Technologies Technicians,61,
271022,ENT-Fashion Designers,10,ENT,,,,,,,6106,Health And Medical Preparatory Programs,61,Health And Med,,6106,Health And Medical Preparatory Programs,61,
271023,ENT-Floral Designers,10,ENT,,,,,,,6107,Nursing,61,Nursing,,6107,Nursing,61,
271024,ENT-Graphic Designers,10,ENT,,,,,,,6108,Pharmacy Pharmaceutical Sciences And Administration,61,Pharmacy Pharm,,6108,Pharmacy Pharmaceutical Sciences And Administration,61,
271025,ENT-Interior Designers,10,ENT,,,,,,,6109,Treatment Therapy Professions,61,Treatment Ther,,6109,Treatment Therapy Professions,61,
271026,ENT-Merchandise Displayer And Windows Trimmers,10,ENT,,,,,,,6110,Community And Public Health,61,Community And ,,6110,Community And Public Health,61,
27102X,ENT-Other Designers,10,ENT,,,,,,,6199,Miscellaneous Health Medical Professions,61,Miscellaneous ,,6199,Miscellaneous Health Medical Professions,61,
272011,ENT-Actors,10,ENT,,,,,,,6200,General Business,62,General Busine,Business,6200,General Business,62,
272012,ENT-Producers And Directors,10,ENT,,,,,,,6201,Accounting,62,Accounting,Business,6201,Accounting,62,
272021,ENT-Athletes And Sports Competitors,10,ENT,,,,,,,6202,Actuarial Science,62,Actuarial Scie,Business,6202,Actuarial Science,62,
272022,ENT-Coaches And Scouts,10,ENT,,,,,,,6203,Business Management And Administration,62,Business Manag,Business,6203,Business Management And Administration,62,
272023,"ENT-Umpires, Referees, And Other Sports Officials",10,ENT,,,,,,,6204,Operations Logistics And E-Commerce,62,Operations Log,Business,6204,Operations Logistics And E-Commerce,62,
272030,ENT-Dancers And Choreographers,10,ENT,,,,,,,6205,Business Economics,62,Business Econo,Business,6205,Business Economics,62,
272041,ENT-Music Directors And Composers,10,ENT,,,,,,,6206,Marketing And Marketing Research,62,Marketing And ,Business,6206,Marketing And Marketing Research,62,
272042,ENT-Musicians And Singers,10,ENT,,,,,,,6207,Finance,62,Finance,Business,6207,Finance,62,
272091,"ENT-Disc Jockeys, Except Radio",10,ENT,,,,,,,6209,Human Resources And Personnel Management,62,Human Resource,Business,6209,Human Resources And Personnel Management,62,
272099,"ENT-Entertainers And Performers, Sports And Related Workers, All Other",10,ENT,,,,,,,6210,International Business,62,International ,Business,6210,International Business,62,
273011,ENT-Broadcast Announcers And Radio Disc Jockeys,10,ENT,,,,,,,6211,Hospitality Management,62,Hospitality Ma,Business,6211,Hospitality Management,62,
273023,"ENT-News Analysts, Reporters, And Journalists",10,ENT,,,,,,,6212,Management Information Systems And Statistics,62,Management Inf,Business,6212,Management Information Systems And Statistics,62,
273031,ENT-Public Relations Specialists,10,ENT,,,,,,,6299,Miscellaneous Business And Medical Administration,62,Miscellaneous ,Business,6299,Miscellaneous Business And Medical Administration,62,
273041,ENT-Editors,10,ENT,,,,,,,6402,History,64,History,,6402,History,64,
273042,ENT-Technical Writers,10,ENT,,,,,,,6403,United States History,64,United States ,,6403,United States History,64,
273043,ENT-Writers And Authors,10,ENT,,,,,,,,,,,,,,,
273091,ENT-Interpreters And Translators,10,ENT,,,,,,,,,,,,,,,
273092,ENT-Court Reporters And Simultaneous Captioners,10,ENT,,,,,,,,,,,,,,,
273099,"ENT-Media And Communication Workers, All Other",10,ENT,,,,,,,,,,,,,,,
274021,ENT-Photographers,10,ENT,,,,,,,,,,,,,,,
274030,"ENT-Television, Video, And Film Camera Operators And Editors",10,ENT,,,,,,,,,,,,,,,
2740XX,ENT-Other Media And Communication Equipment Workers,10,ENT,,,,,,,,,,,,,,,
291011,MED-Chiropractors,11,MED,,,,,,,,,,,,,,,
291020,MED-Dentists,11,MED,,,,,,,,,,,,,,,
291031,MED-Dietitians And Nutritionists,11,MED,,,,,,,,,,,,,,,
291041,MED-Optometrists,11,MED,,,,,,,,,,,,,,,
291051,MED-Pharmacists,11,MED,,,,,,,,,,,,,,,
291071,MED-Physician Assistants,11,MED,,,,,,,,,,,,,,,
291081,MED-Podiatrists,11,MED,,,,,,,,,,,,,,,
291122,MED-Occupational Therapists,11,MED,,,,,,,,,,,,,,,
291123,MED-Physical Therapists,11,MED,,,,,,,,,,,,,,,
291124,MED-Radiation Therapists,11,MED,,,,,,,,,,,,,,,
291125,MED-Recreational Therapists,11,MED,,,,,,,,,,,,,,,
291126,MED-Respiratory Therapists,11,MED,,,,,,,,,,,,,,,
291127,MED-Speech-Language Pathologists,11,MED,,,,,,,,,,,,,,,
29112X,MED-Other Therapists,11,MED,,,,,,,,,,,,,,,
291131,MED-Veterinarians,11,MED,,,,,,,,,,,,,,,
291141,MED-Registered Nurses,11,MED,,,,,,,,,,,,,,,
291151,MED-Nurse Anesthetists,11,MED,,,,,,,,,,,,,,,
291181,MED-Audiologists,11,MED,,,,,,,,,,,,,,,
2911XX,"MED-Nurse Practitioners, And Nurse Midwives",11,MED,,,,,,,,,,,,,,,
291210,MED-Physicians,11,MED,,,,,,,,,,,,,,,
291240,MED-Surgeons,11,MED,,,,,,,,,,,,,,,
291291,MED-Acupuncturists,11,MED,,,,,,,,,,,,,,,
291292,MED-Dental Hygienists,11,MED,,,,,,,,,,,,,,,
291299,"MED-Healthcare Diagnosing Or Treating Practitioners, All Other",11,MED,,,,,,,,,,,,,,,
292010,MED-Clinical Laboratory Technologists And Technicians,11,MED,,,,,,,,,,,,,,,
292031,MED-Cardiovascular Technologists And Technicians,11,MED,,,,,,,,,,,,,,,
292032,MED-Diagnostic Medical Sonographers,11,MED,,,,,,,,,,,,,,,
292034,MED-Radiologic Technologists And Technicians,11,MED,,,,,,,,,,,,,,,
292035,MED-Magnetic Resonance Imaging Technologists,11,MED,,,,,,,,,,,,,,,
29203X,MED-Nuclear Medicine Technologists And Medical Dosimetrists,11,MED,,,,,,,,,,,,,,,
292042,MED-Emergency Medical Technicians,11,MED,,,,,,,,,,,,,,,
292043,MED-Paramedics,11,MED,,,,,,,,,,,,,,,
292052,MED-Pharmacy Technicians,11,MED,,,,,,,,,,,,,,,
292053,MED-Psychiatric Technicians,11,MED,,,,,,,,,,,,,,,
292055,MED-Surgical Technologists,11,MED,,,,,,,,,,,,,,,
292056,MED-Veterinary Technologists And Technicians,11,MED,,,,,,,,,,,,,,,
29205X,MED-Dietetic Technicians And Ophthalmic Medical Technicians,11,MED,,,,,,,,,,,,,,,
292061,MED-Licensed Practical And Licensed Vocational Nurses,11,MED,,,,,,,,,,,,,,,
292072,MED-Medical Records Specialists,11,MED,,,,,,,,,,,,,,,
292081,"MED-Opticians, Dispensing",11,MED,,,,,,,,,,,,,,,
292090,MED-Miscellaneous Health Technologists And Technicians,11,MED,,,,,,,,,,,,,,,
299000,MED-Other Healthcare Practitioners And Technical Occupations,11,MED,,,,,,,,,,,,,,,
311121,HLS-Home Health Aides,12,HLS,,,,,,,,,,,,,,,
311122,HLS-Personal Care Aides,12,HLS,,,,,,,,,,,,,,,
311131,HLS-Nursing Assistants,12,HLS,,,,,,,,,,,,,,,
31113X,HLS-Orderlies And Psychiatric Aides,12,HLS,,,,,,,,,,,,,,,
312010,HLS-Occupational Therapy Assistants And Aides,12,HLS,,,,,,,,,,,,,,,
312020,HLS-Physical Therapist Assistants And Aides,12,HLS,,,,,,,,,,,,,,,
319011,HLS-Massage Therapists,12,HLS,,,,,,,,,,,,,,,
319091,HLS-Dental Assistants,12,HLS,,,,,,,,,,,,,,,
319092,HLS-Medical Assistants,12,HLS,,,,,,,,,,,,,,,
319094,HLS-Medical Transcriptionists,12,HLS,,,,,,,,,,,,,,,
319095,HLS-Pharmacy Aides,12,HLS,,,,,,,,,,,,,,,
319096,HLS-Veterinary Assistants And Laboratory Animal Caretakers,12,HLS,,,,,,,,,,,,,,,
319097,HLS-Phlebotomists,12,HLS,,,,,,,,,,,,,,,
31909X,HLS-Other Healthcare Support Workers,12,HLS,,,,,,,,,,,,,,,
331011,PRT-First-Line Supervisors Of Correctional Officers,13,PRT,,,,,,,,,,,,,,,
331012,PRT-First-Line Supervisors Of Police And Detectives,13,PRT,,,,,,,,,,,,,,,
331021,PRT-First-Line Supervisors Of Firefighting And Prevention Workers,13,PRT,,,,,,,,,,,,,,,
331090,"PRT-Miscellaneous First-Line Supervisors, Protective Service Workers",13,PRT,,,,,,,,,,,,,,,
332011,PRT-Firefighters,13,PRT,,,,,,,,,,,,,,,
332020,PRT-Fire Inspectors,13,PRT,,,,,,,,,,,,,,,
333011,PRT-Bailiffs,13,PRT,,,,,,,,,,,,,,,
333012,PRT-Correctional Officers And Jailers,13,PRT,,,,,,,,,,,,,,,
333021,PRT-Detectives And Criminal Investigators,13,PRT,,,,,,,,,,,,,,,
333050,PRT-Police Officers,13,PRT,,,,,,,,,,,,,,,
3330XX,PRT-Fish And Game Wardens And Parking Enforcement Officers,13,PRT,,,,,,,,,,,,,,,
339011,PRT-Animal Control Workers,13,PRT,,,,,,,,,,,,,,,
339021,PRT-Private Detectives And Investigators,13,PRT,,,,,,,,,,,,,,,
339030,PRT-Security Guards And Gambling Surveillance Officers,13,PRT,,,,,,,,,,,,,,,
339091,PRT-Crossing Guards And Flaggers,13,PRT,,,,,,,,,,,,,,,
339093,PRT-Transportation Security Screeners,13,PRT,,,,,,,,,,,,,,,
339094,PRT-School Bus Monitors,13,PRT,,,,,,,,,,,,,,,
33909X,PRT-Other Protective Service Workers,13,PRT,,,,,,,,,,,,,,,
351011,EAT-Chefs And Head Cooks,14,EAT,,,,,,,,,,,,,,,
351012,EAT-First-Line Supervisors Of Food Preparation And Serving Workers,14,EAT,,,,,,,,,,,,,,,
352010,EAT-Cooks,14,EAT,,,,,,,,,,,,,,,
352021,EAT-Food Preparation Workers,14,EAT,,,,,,,,,,,,,,,
353011,EAT-Bartenders,14,EAT,,,,,,,,,,,,,,,
353023,EAT-Fast Food And Counter Workers,14,EAT,,,,,,,,,,,,,,,
353031,EAT-Waiters And Waitresses,14,EAT,,,,,,,,,,,,,,,
353041,"EAT-Food Servers, Nonrestaurant",14,EAT,,,,,,,,,,,,,,,
359011,EAT-Dining Room And Cafeteria Attendants And Bartender Helpers,14,EAT,,,,,,,,,,,,,,,
359021,EAT-Dishwashers,14,EAT,,,,,,,,,,,,,,,
359031,"EAT-Hosts And Hostesses, Restaurant, Lounge, And Coffee Shop",14,EAT,,,,,,,,,,,,,,,
359099,"EAT-Food Preparation And Serving Related Workers, All Other",14,EAT,,,,,,,,,,,,,,,
371011,CLN-First-Line Supervisors Of Housekeeping And Janitorial Workers,15,CLN,,,,,,,,,,,,,,,
371012,"CLN-First-Line Supervisors Of Landscaping, Lawn Service, And Groundskeeping Workers",15,CLN,,,,,,,,,,,,,,,
372012,CLN-Maids And Housekeeping Cleaners,15,CLN,,,,,,,,,,,,,,,
37201X,CLN-Janitors And Building Cleaners,15,CLN,,,,,,,,,,,,,,,
372021,CLN-Pest Control Workers,15,CLN,,,,,,,,,,,,,,,
373011,CLN-Landscaping And Groundskeeping Workers,15,CLN,,,,,,,,,,,,,,,
373013,CLN-Tree Trimmers And Pruners,15,CLN,,,,,,,,,,,,,,,
37301X,CLN-Other Grounds Maintenance Workers,15,CLN,,,,,,,,,,,,,,,
391000,PRS-Supervisors of Personal Care And Service Workers,16,PRS,,,,,,,,,,,,,,,
392011,PRS-Animal Trainers,16,PRS,,,,,,,,,,,,,,,
392021,PRS-Animal Caretakers,16,PRS,,,,,,,,,,,,,,,
393010,PRS-Gambling Services Workers,16,PRS,,,,,,,,,,,,,,,
393031,"PRS-Ushers, Lobby Attendants, And Ticket Takers",16,PRS,,,,,,,,,,,,,,,
3930XX,PRS-Other Entertainment Attendants And Related Workers,16,PRS,,,,,,,,,,,,,,,
394031,"PRS-Morticians, Undertakers, And Funeral Arrangers",16,PRS,,,,,,,,,,,,,,,
3940XX,"PRS-Embalmers, Crematory Operators And Funeral Attendants",16,PRS,,,,,,,,,,,,,,,
395011,PRS-Barbers,16,PRS,,,,,,,,,,,,,,,
395012,"PRS-Hairdressers, Hairstylists, And Cosmetologists",16,PRS,,,,,,,,,,,,,,,
395092,PRS-Manicurists and Pedicurists,16,PRS,,,,,,,,,,,,,,,
395094,PRS-Skincare Specialists,16,PRS,,,,,,,,,,,,,,,
39509X,PRS-Other Personal Appearance Workers,16,PRS,,,,,,,,,,,,,,,
396010,"PRS-Baggage Porters, Bellhops, And Concierges",16,PRS,,,,,,,,,,,,,,,
397010,PRS-Tour And Travel Guides,16,PRS,,,,,,,,,,,,,,,
399011,PRS-Childcare Workers,16,PRS,,,,,,,,,,,,,,,
399031,PRS-Exercise Trainers And Group Fitness Instructors,16,PRS,,,,,,,,,,,,,,,
399032,PRS-Recreation Workers,16,PRS,,,,,,,,,,,,,,,
399041,PRS-Residential Advisors,16,PRS,,,,,,,,,,,,,,,
399099,"PRS-Personal Care And Service Workers, All Other",16,PRS,,,,,,,,,,,,,,,
411011,SAL-First-Line Supervisors Of Retail Sales Workers,17,SAL,,,,,,,,,,,,,,,
411012,SAL-First-Line Supervisors Of Non-Retail Sales Workers,17,SAL,,,,,,,,,,,,,,,
412010,SAL-Cashiers,17,SAL,,,,,,,,,,,,,,,
412021,SAL-Counter And Rental Clerks,17,SAL,,,,,,,,,,,,,,,
412022,SAL-Parts Salespersons,17,SAL,,,,,,,,,,,,,,,
412031,SAL-Retail Salespersons,17,SAL,,,,,,,,,,,,,,,
413011,SAL-Advertising Sales Agents,17,SAL,,,,,,,,,,,,,,,
413021,SAL-Insurance Sales Agents,17,SAL,,,,,,,,,,,,,,,
413031,"SAL-Securities, Commodities, And Financial Services Sales Agents",17,SAL,,,,,,,,,,,,,,,
413041,SAL-Travel Agents,17,SAL,,,,,,,,,,,,,,,
413091,"SAL-Sales Representatives Of Services, Except Advertising, Insurance, Financial Services, And Travel",17,SAL,,,,,,,,,,,,,,,
414010,"SAL-Sales Representatives, Wholesale And Manufacturing",17,SAL,,,,,,,,,,,,,,,
419010,"SAL-Models, Demonstrators, And Product Promoters",17,SAL,,,,,,,,,,,,,,,
419020,SAL-Real Estate Brokers And Sales Agents,17,SAL,,,,,,,,,,,,,,,
419031,SAL-Sales Engineers,17,SAL,,,,,,,,,,,,,,,
419041,SAL-Telemarketers,17,SAL,,,,,,,,,,,,,,,
419091,"SAL-Door-To-Door Sales Workers, News And Street Vendors, And Related Workers",17,SAL,,,,,,,,,,,,,,,
419099,"SAL-Sales And Related Workers, All Other",17,SAL,,,,,,,,,,,,,,,
431011,OFF-First-Line Supervisors Of Office And Administrative Support Workers,18,OFF,,,,,,,,,,,,,,,
432011,"OFF-Switchboard Operators, Including Answering Service",18,OFF,,,,,,,,,,,,,,,
432021,OFF-Telephone Operators,18,OFF,,,,,,,,,,,,,,,
432099,"OFF-Communications Equipment Operators, All Other",18,OFF,,,,,,,,,,,,,,,
433011,OFF-Bill And Account Collectors,18,OFF,,,,,,,,,,,,,,,
433021,OFF-Billing And Posting Clerks,18,OFF,,,,,,,,,,,,,,,
433031,"OFF-Bookkeeping, Accounting, And Auditing Clerks",18,OFF,,,,,,,,,,,,,,,
433051,OFF-Payroll And Timekeeping Clerks,18,OFF,,,,,,,,,,,,,,,
433061,OFF-Procurement Clerks,18,OFF,,,,,,,,,,,,,,,
433071,OFF-Tellers,18,OFF,,,,,,,,,,,,,,,
4330XX,OFF-Other Financial Clerks,18,OFF,,,,,,,,,,,,,,,
434031,"OFF-Court, Municipal, And License Clerks",18,OFF,,,,,,,,,,,,,,,
434041,"OFF-Credit Authorizers, Checkers, And Clerks",18,OFF,,,,,,,,,,,,,,,
434051,OFF-Customer Service Representatives,18,OFF,,,,,,,,,,,,,,,
434061,"OFF-Eligibility Interviewers, Government Programs",18,OFF,,,,,,,,,,,,,,,
434071,OFF-File Clerks,18,OFF,,,,,,,,,,,,,,,
434081,"OFF-Hotel, Motel, And Resort Desk Clerks",18,OFF,,,,,,,,,,,,,,,
434111,"OFF-Interviewers, Except Eligibility And Loan",18,OFF,,,,,,,,,,,,,,,
434121,"OFF-Library Assistants, Clerical",18,OFF,,,,,,,,,,,,,,,
434131,OFF-Loan Interviewers And Clerks,18,OFF,,,,,,,,,,,,,,,
434141,OFF-New Accounts Clerks,18,OFF,,,,,,,,,,,,,,,
434161,"OFF-Human Resources Assistants, Except Payroll And Timekeeping",18,OFF,,,,,,,,,,,,,,,
434171,OFF-Receptionists And Information Clerks,18,OFF,,,,,,,,,,,,,,,
434181,OFF-Reservation And Transportation Ticket Agents And Travel Clerks,18,OFF,,,,,,,,,,,,,,,
434XXX,OFF-Correspondence Clerks And Order Clerks,18,OFF,,,,,,,,,,,,,,,
434YYY,OFF-Other Information And Records Clerks,18,OFF,,,,,,,,,,,,,,,
435011,OFF-Cargo And Freight Agents,18,OFF,,,,,,,,,,,,,,,
435021,OFF-Couriers And Messengers,18,OFF,,,,,,,,,,,,,,,
435031,OFF-Public Safety Telecommunicators,18,OFF,,,,,,,,,,,,,,,
435032,"OFF-Dispatchers, Except Police, Fire, And Ambulance",18,OFF,,,,,,,,,,,,,,,
435041,"OFF-Meter Readers, Utilities",18,OFF,,,,,,,,,,,,,,,
435051,OFF-Postal Service Clerks,18,OFF,,,,,,,,,,,,,,,
435052,OFF-Postal Service Mail Carriers,18,OFF,,,,,,,,,,,,,,,
435053,"OFF-Postal Service Mail Sorters, Processors, And Processing Machine Operators",18,OFF,,,,,,,,,,,,,,,
435061,"OFF-Production, Planning, And Expediting Clerks",18,OFF,,,,,,,,,,,,,,,
435071,"OFF-Shipping, Receiving, And Inventory Clerks",18,OFF,,,,,,,,,,,,,,,
435111,"OFF-Weighers, Measurers, Checkers, And Samplers, Recordkeeping",18,OFF,,,,,,,,,,,,,,,
436011,OFF-Executive Secretaries And Executive Administrative Assistants,18,OFF,,,,,,,,,,,,,,,
436012,OFF-Legal Secretaries And Administrative Assistants,18,OFF,,,,,,,,,,,,,,,
436013,OFF-Medical Secretaries And Administrative Assistants,18,OFF,,,,,,,,,,,,,,,
436014,"OFF-Secretaries And Administrative Assistants, Except Legal, Medical, And Executive",18,OFF,,,,,,,,,,,,,,,
439021,OFF-Data Entry Keyers,18,OFF,,,,,,,,,,,,,,,
439022,OFF-Word Processors And Typists,18,OFF,,,,,,,,,,,,,,,
439041,OFF-Insurance Claims And Policy Processing Clerks,18,OFF,,,,,,,,,,,,,,,
439051,"OFF-Mail Clerks And Mail Machine Operators, Except Postal Service",18,OFF,,,,,,,,,,,,,,,
439061,"OFF-Office Clerks, General",18,OFF,,,,,,,,,,,,,,,
439071,"OFF-Office Machine Operators, Except Computer",18,OFF,,,,,,,,,,,,,,,
439081,OFF-Proofreaders And Copy Markers,18,OFF,,,,,,,,,,,,,,,
439111,OFF-Statistical Assistants,18,OFF,,,,,,,,,,,,,,,
439XXX,OFF-Other Office And Administrative Support Workers,18,OFF,,,,,,,,,,,,,,,
451011,"FFF-First-Line Supervisors Of Farming, Fishing, And Forestry Workers",19,FFF,,,,,,,,,,,,,,,
452011,FFF-Agricultural Inspectors,19,FFF,,,,,,,,,,,,,,,
452041,"FFF-Graders And Sorters, Agricultural Products",19,FFF,,,,,,,,,,,,,,,
4520XX,FFF-Other Agricultural Workers,19,FFF,,,,,,,,,,,,,,,
453031,FFF-Fishing And Hunting Workers,19,FFF,,,,,,,,,,,,,,,
454011,FFF-Forest And Conservation Workers,19,FFF,,,,,,,,,,,,,,,
454020,FFF-Logging Workers,19,FFF,,,,,,,,,,,,,,,
471011,CON-First-Line Supervisors Of Construction Trades And Extraction Workers,20,CON,,,,,,,,,,,,,,,
472011,CON-Boilermakers,20,CON,,,,,,,,,,,,,,,
472031,CON-Carpenters,20,CON,,,,,,,,,,,,,,,
472040,"CON-Carpet, Floor, And Tile Installers And Finishers",20,CON,,,,,,,,,,,,,,,
472050,"CON-Cement Masons, Concrete Finishers, And Terrazzo Workers",20,CON,,,,,,,,,,,,,,,
472061,CON-Construction Laborers,20,CON,,,,,,,,,,,,,,,
472070,CON-Construction Equipment Operators,20,CON,,,,,,,,,,,,,,,
472080,"CON-Drywall Installers, Ceiling Tile Installers, And Tapers",20,CON,,,,,,,,,,,,,,,
472111,CON-Electricians,20,CON,,,,,,,,,,,,,,,
472121,CON-Glaziers,20,CON,,,,,,,,,,,,,,,
472130,CON-Insulation Workers,20,CON,,,,,,,,,,,,,,,
472140,CON-Painters And Paperhangers,20,CON,,,,,,,,,,,,,,,
472151,CON-Pipelayers,20,CON,,,,,,,,,,,,,,,
472152,"CON-Plumbers, Pipefitters, And Steamfitters",20,CON,,,,,,,,,,,,,,,
472161,CON-Plasterers And Stucco Masons,20,CON,,,,,,,,,,,,,,,
472181,CON-Roofers,20,CON,,,,,,,,,,,,,,,
472211,CON-Sheet Metal Workers,20,CON,,,,,,,,,,,,,,,
472221,CON-Structural Iron And Steel Workers,20,CON,,,,,,,,,,,,,,,
472231,CON-Solar Photovoltaic Installers,20,CON,,,,,,,,,,,,,,,
472XXX,"CON-Brickmasons, Blockmasons, Stonemasons, And Reinforcing Iron And Rebar Workers",20,CON,,,,,,,,,,,,,,,
473010,"CON-Helpers, Construction Trades",20,CON,,,,,,,,,,,,,,,
474011,CON-Construction And Building Inspectors,20,CON,,,,,,,,,,,,,,,
474021,CON-Elevator And Escalator Installers And Repairers,20,CON,,,,,,,,,,,,,,,
474031,CON-Fence Erectors,20,CON,,,,,,,,,,,,,,,
474041,CON-Hazardous Materials Removal Workers,20,CON,,,,,,,,,,,,,,,
474051,CON-Highway Maintenance Workers,20,CON,,,,,,,,,,,,,,,
474061,CON-Rail-Track Laying And Maintenance Equipment Operators,20,CON,,,,,,,,,,,,,,,
4740XX,CON-Other Construction And Related Workers,20,CON,,,,,,,,,,,,,,,
475020,EXT-Surface Mining Machine Operators And Earth Drillers,21,EXT,,,,,,,,,,,,,,,
475032,"EXT-Explosives Workers, Ordnance Handling Experts, And Blasters",21,EXT,,,,,,,,,,,,,,,
475040,EXT-Underground Mining Machine Operators,21,EXT,,,,,,,,,,,,,,,
4750XX,EXT-Other Extraction Workers,21,EXT,,,,,,,,,,,,,,,
4750YY,"EXT-Derrick, Rotary Drill, And Service Unit Operators, And Roustabouts, Oil, Gas, And Mining",21,EXT,,,,,,,,,,,,,,,
491011,"RPR-First-Line Supervisors Of Mechanics, Installers, And Repairers",22,RPR,,,,,,,,,,,,,,,
492011,"RPR-Computer, Automated Teller, And Office Machine Repairers",22,RPR,,,,,,,,,,,,,,,
492020,RPR-Radio And Telecommunications Equipment Installers And Repairers,22,RPR,,,,,,,,,,,,,,,
492091,RPR-Avionics Technicians,22,RPR,,,,,,,,,,,,,,,
492092,"RPR-Electric Motor, Power Tool, And Related Repairers",22,RPR,,,,,,,,,,,,,,,
492097,RPR-Audiovisual Equipment Installers And Repairers,22,RPR,,,,,,,,,,,,,,,
492098,RPR-Security And Fire Alarm Systems Installers,22,RPR,,,,,,,,,,,,,,,
49209X,"RPR-Other Electrical And Electronic Equipment Mechanics, Installers, and Repairers",22,RPR,,,,,,,,,,,,,,,
493011,RPR-Aircraft Mechanics And Service Technicians,22,RPR,,,,,,,,,,,,,,,
493021,RPR-Automotive Body And Related Repairers,22,RPR,,,,,,,,,,,,,,,
493022,RPR-Automotive Glass Installers And Repairers,22,RPR,,,,,,,,,,,,,,,
493023,RPR-Automotive Service Technicians And Mechanics,22,RPR,,,,,,,,,,,,,,,
493031,RPR-Bus And Truck Mechanics And Diesel Engine Specialists,22,RPR,,,,,,,,,,,,,,,
493040,RPR-Heavy Vehicle And Mobile Equipment Service Technicians And Mechanics,22,RPR,,,,,,,,,,,,,,,
493050,RPR-Small Engine Mechanics,22,RPR,,,,,,,,,,,,,,,
493090,"RPR-Miscellaneous Vehicle And Mobile Equipment Mechanics, Installers, And Repairers",22,RPR,,,,,,,,,,,,,,,
499010,RPR-Control And Valve Installers And Repairers,22,RPR,,,,,,,,,,,,,,,
499021,"RPR-Heating, Air Conditioning, And Refrigeration Mechanics And Installers",22,RPR,,,,,,,,,,,,,,,
499031,RPR-Home Appliance Repairers,22,RPR,,,,,,,,,,,,,,,
499043,"RPR-Maintenance Workers, Machinery",22,RPR,,,,,,,,,,,,,,,
499044,RPR-Millwrights,22,RPR,,,,,,,,,,,,,,,
49904X,RPR-Industrial And Refractory Machinery Mechanics,22,RPR,,,,,,,,,,,,,,,
499051,RPR-Electrical Power-Line Installers And Repairers,22,RPR,,,,,,,,,,,,,,,
499052,RPR-Telecommunications Line Installers And Repairers,22,RPR,,,,,,,,,,,,,,,
499060,RPR-Precision Instrument And Equipment Repairers,22,RPR,,,,,,,,,,,,,,,
499071,"RPR-Maintenance And Repair Workers, General",22,RPR,,,,,,,,,,,,,,,
499091,"RPR-Coin, Vending, And Amusement Machine Servicers And Repairers",22,RPR,,,,,,,,,,,,,,,
499094,RPR-Locksmiths And Safe Repairers,22,RPR,,,,,,,,,,,,,,,
499096,RPR-Riggers,22,RPR,,,,,,,,,,,,,,,
499098,"RPR-Helpers--Installation, Maintenance, And Repair Workers",22,RPR,,,,,,,,,,,,,,,
4990XX,"RPR-Other Installation, Maintenance, And Repair Workers",22,RPR,,,,,,,,,,,,,,,
511011,PRD-First-Line Supervisors Of Production And Operating Workers,23,PRD,,,,,,,,,,,,,,,
512020,"PRD-Electrical, Electronics, And Electromechanical Assemblers",23,PRD,,,,,,,,,,,,,,,
512031,PRD-Engine And Other Machine Assemblers,23,PRD,,,,,,,,,,,,,,,
512041,PRD-Structural Metal Fabricators And Fitters,23,PRD,,,,,,,,,,,,,,,
5120XX,PRD-Other Assemblers and Fabricators,23,PRD,,,,,,,,,,,,,,,
513011,PRD-Bakers,23,PRD,,,,,,,,,,,,,,,
513020,"PRD-Butchers And Other Meat, Poultry, And Fish Processing Workers",23,PRD,,,,,,,,,,,,,,,
513091,"PRD-Food And Tobacco Roasting, Baking, And Drying Machine Operators And Tenders",23,PRD,,,,,,,,,,,,,,,
513092,PRD-Food Batchmakers,23,PRD,,,,,,,,,,,,,,,
513093,PRD-Food Cooking Machine Operators And Tenders,23,PRD,,,,,,,,,,,,,,,
513099,"PRD-Food Processing Workers, All Other",23,PRD,,,,,,,,,,,,,,,
514020,"PRD-Forming Machine Setters, Operators, And Tenders, Metal And Plastic",23,PRD,,,,,,,,,,,,,,,
514031,"PRD-Cutting, Punching, And Press Machine Setters, Operators, And Tenders, Metal And Plastic",23,PRD,,,,,,,,,,,,,,,
514033,"PRD-Grinding, Lapping, Polishing, And Buffing Machine Tool Setters, Operators, And Tenders, Metal and Plastic",23,PRD,,,,,,,,,,,,,,,
51403X,"PRD-Other Machine Tool Setters, Operators, And Tenders, Metal And Plastic",23,PRD,,,,,,,,,,,,,,,
514041,PRD-Machinists,23,PRD,,,,,,,,,,,,,,,
514050,"PRD-Metal Furnace Operators, Tenders, Pourers, And Casters",23,PRD,,,,,,,,,,,,,,,
5140XX,"PRD-Model Makers, Patternmakers, And Molding Machine Setters, Metal And Plastic",23,PRD,,,,,,,,,,,,,,,
514111,PRD-Tool And Die Makers,23,PRD,,,,,,,,,,,,,,,
514120,"PRD-Welding, Soldering, And Brazing Workers",23,PRD,,,,,,,,,,,,,,,
514XXX,PRD-Other Metal Workers And Plastic Workers,23,PRD,,,,,,,,,,,,,,,
515111,PRD-Prepress Technicians And Workers,23,PRD,,,,,,,,,,,,,,,
515112,PRD-Printing Press Operators,23,PRD,,,,,,,,,,,,,,,
515113,PRD-Print Binding And Finishing Workers,23,PRD,,,,,,,,,,,,,,,
516011,PRD-Laundry And Dry-Cleaning Workers,23,PRD,,,,,,,,,,,,,,,
516021,"PRD-Pressers, Textile, Garment, And Related Materials",23,PRD,,,,,,,,,,,,,,,
516031,PRD-Sewing Machine Operators,23,PRD,,,,,,,,,,,,,,,
516040,PRD-Shoe And Leather Workers,23,PRD,,,,,,,,,,,,,,,
516050,"PRD-Tailors, Dressmakers, And Sewers",23,PRD,,,,,,,,,,,,,,,
516060,"PRD-Textile Machine Setters, Operators, And Tenders",23,PRD,,,,,,,,,,,,,,,
516093,PRD-Upholsterers,23,PRD,,,,,,,,,,,,,,,
51609X,"PRD-Other Textile, Apparel, And Furnishings Workers",23,PRD,,,,,,,,,,,,,,,
517011,PRD-Cabinetmakers And Bench Carpenters,23,PRD,,,,,,,,,,,,,,,
517021,PRD-Furniture Finishers,23,PRD,,,,,,,,,,,,,,,
517041,"PRD-Sawing Machine Setters, Operators, And Tenders, Wood",23,PRD,,,,,,,,,,,,,,,
517042,"PRD-Woodworking Machine Setters, Operators, And Tenders, Except Sawing",23,PRD,,,,,,,,,,,,,,,
5170XX,PRD-Other Woodworkers,23,PRD,,,,,,,,,,,,,,,
518010,"PRD-Power Plant Operators, Distributors, And Dispatchers",23,PRD,,,,,,,,,,,,,,,
518021,PRD-Stationary Engineers And Boiler Operators,23,PRD,,,,,,,,,,,,,,,
518031,PRD-Water And Wastewater Treatment Plant And System Operators,23,PRD,,,,,,,,,,,,,,,
518090,PRD-Miscellaneous Plant And System Operators,23,PRD,,,,,,,,,,,,,,,
519010,"PRD-Chemical Processing Machine Setters, Operators, And Tenders",23,PRD,,,,,,,,,,,,,,,
519020,"PRD-Crushing, Grinding, Polishing, Mixing, And Blending Workers",23,PRD,,,,,,,,,,,,,,,
519030,PRD-Cutting Workers,23,PRD,,,,,,,,,,,,,,,
519041,"PRD-Extruding, Forming, Pressing, And Compacting Machine Setters, Operators, And Tenders",23,PRD,,,,,,,,,,,,,,,
519051,"PRD-Furnace, Kiln, Oven, Drier, And Kettle Operators And Tenders",23,PRD,,,,,,,,,,,,,,,
519061,"PRD-Inspectors, Testers, Sorters, Samplers, And Weighers",23,PRD,,,,,,,,,,,,,,,
519071,PRD-Jewelers And Precious Stone And Metal Workers,23,PRD,,,,,,,,,,,,,,,
519080,PRD-Dental And Ophthalmic Laboratory Technicians And Medical Appliance Technicians,23,PRD,,,,,,,,,,,,,,,
519111,PRD-Packaging And Filling Machine Operators And Tenders,23,PRD,,,,,,,,,,,,,,,
519120,PRD-Painting Workers,23,PRD,,,,,,,,,,,,,,,
519151,PRD-Photographic Process Workers And Processing Machine Operators,23,PRD,,,,,,,,,,,,,,,
519160,PRD-Computer Numerically Controlled Tool Operators And Programmers,23,PRD,,,,,,,,,,,,,,,
519191,PRD-Adhesive Bonding Machine Operators And Tenders,23,PRD,,,,,,,,,,,,,,,
519194,PRD-Etchers And Engravers,23,PRD,,,,,,,,,,,,,,,
519195,"PRD-Molders, Shapers, And Casters, Except Metal And Plastic",23,PRD,,,,,,,,,,,,,,,
519196,"PRD-Paper Goods Machine Setters, Operators, And Tenders",23,PRD,,,,,,,,,,,,,,,
519197,PRD-Tire Builders,23,PRD,,,,,,,,,,,,,,,
519198,PRD-Helpers--Production Workers,23,PRD,,,,,,,,,,,,,,,
5191XX,"PRD-Miscellaneous Production Workers, Including Equipment Operators and Tenders",23,PRD,,,,,,,,,,,,,,,
531000,TRN-Supervisors Of Transportation And Material Moving Workers,24,TRN,,,,,,,,,,,,,,,
532010,TRN-Aircraft Pilots And Flight Engineers,24,TRN,,,,,,,,,,,,,,,
532020,TRN-Air Traffic Controllers And Airfield Operations Specialists,24,TRN,,,,,,,,,,,,,,,
532031,TRN-Flight Attendants,24,TRN,,,,,,,,,,,,,,,
533011,"TRN-Ambulance Drivers And Attendants, Except Emergency Medical Technicians",24,TRN,,,,,,,,,,,,,,,
533030,TRN-Driver/Sales Workers And Truck Drivers,24,TRN,,,,,,,,,,,,,,,
533051,"TRN-Bus Drivers, School",24,TRN,,,,,,,,,,,,,,,
533052,"TRN-Bus Drivers, Transit And Intercity",24,TRN,,,,,,,,,,,,,,,
533053,TRN-Shuttle Drivers and Chauffeurs,24,TRN,,,,,,,,,,,,,,,
533054,TRN-Taxi Drivers,24,TRN,,,,,,,,,,,,,,,
533099,"TRN-Motor Vehicle Operators, All Other",24,TRN,,,,,,,,,,,,,,,
534010,TRN-Locomotive Engineers And Operators,24,TRN,,,,,,,,,,,,,,,
534031,TRN-Railroad Conductors And Yardmasters,24,TRN,,,,,,,,,,,,,,,
5340XX,TRN-Other Rail Transportation Workers,24,TRN,,,,,,,,,,,,,,,
535020,TRN-Ship And Boat Captains And Operators,24,TRN,,,,,,,,,,,,,,,
5350XX,"TRN-Sailors And Marine Oilers, And Ship Engineers",24,TRN,,,,,,,,,,,,,,,
536021,TRN-Parking Attendants,24,TRN,,,,,,,,,,,,,,,
536030,TRN-Transportation Service Attendants,24,TRN,,,,,,,,,,,,,,,
536051,TRN-Transportation Inspectors,24,TRN,,,,,,,,,,,,,,,
536061,TRN-Passenger Attendants,24,TRN,,,,,,,,,,,,,,,
5360XX,TRN-Other Transportation Workers,24,TRN,,,,,,,,,,,,,,,
537021,TRN-Crane And Tower Operators,24,TRN,,,,,,,,,,,,,,,
537051,TRN-Industrial Truck And Tractor Operators,24,TRN,,,,,,,,,,,,,,,
537061,TRN-Cleaners Of Vehicles And Equipment,24,TRN,,,,,,,,,,,,,,,
537062,"TRN-Laborers And Freight, Stock, And Material Movers, Hand",24,TRN,,,,,,,,,,,,,,,
537063,TRN-Machine Feeders And Offbearers,24,TRN,,,,,,,,,,,,,,,
537064,"TRN-Packers And Packagers, Hand",24,TRN,,,,,,,,,,,,,,,
537065,TRN-Stockers And Order Fillers,24,TRN,,,,,,,,,,,,,,,
537070,TRN-Pumping Station Operators,24,TRN,,,,,,,,,,,,,,,
537081,TRN-Refuse And Recyclable Material Collectors,24,TRN,,,,,,,,,,,,,,,
5370XX,"TRN-Conveyor, Dredge, And Hoist And Winch Operators",24,TRN,,,,,,,,,,,,,,,
5371XX,TRN-Other Material Moving Workers,24,TRN,,,,,,,,,,,,,,,
551010,MIL-Military Officer Special And Tactical Operations Leaders,25,MIL,,,,,,,,,,,,,,,
552010,MIL-First-Line Enlisted Military Supervisors,25,MIL,,,,,,,,,,,,,,,
553010,MIL-Military Enlisted Tactical Operations And Air/Weapons Specialists And Crew Members,25,MIL,,,,,,,,,,,,,,,
559830,"MIL-Military, Rank Not Specified",25,MIL,,,,,,,,,,,,,,,
999920,"Unemployed, With No Work Experience In The Last 5 Years Or Earlier Or Never Worked",26,Une,,,,,,,,,,,,,,,
